<?xml version="1.0" encoding="UTF-8"?>
<!DOCTYPE mapper PUBLIC "-//mybatis.org//DTD Mapper 3.0//EN" "http://mybatis.org/dtd/mybatis-3-mapper.dtd">
<mapper namespace="com.xiaoshu.dao.PersonMapper">
  	<select id="findAll" parameterType="personVo" resultType="personVo">
  		SELECT p.*,c.company_name AS cname FROM p_person p,p_company c 
  		
  		<where>
  		p.cid=c.cmopany_id
  	<if test="pName!=null and pName!=''">
  	and p.p_name like '%${pName}%'
  	
  	</if>
  
 <if test="cid!=null and cid!=0">
  	and p.cid = #{cid}
  	</if>
  	
  	
	</where> 
  	</select>
</mapper>